result_set,workload,run,window,sample_count,bandwidth_kib_s_mean,iops_mean,clat_avg_us_mean,clat_avg_us_max,first_iops_mean,last_iops_mean,iops_last_over_first,first_clat_avg_us_mean,last_clat_avg_us_mean,clat_last_over_first
sustained_rand_write_120s_qd16_repeat3,rand_write,1,first_third,79,149603.97435897434,37400.846153846156,226.07507500000003,309.799,37400.846153846156,42712.85365853659,1.1420290728942282,226.07507500000003,196.44365853658536,0.8689310775926331
sustained_rand_write_120s_qd16_repeat3,rand_write,1,last_third,82,170851.73170731709,42712.85365853659,196.44365853658536,226.198,37400.846153846156,42712.85365853659,1.1420290728942282,226.07507500000003,196.44365853658536,0.8689310775926331
sustained_rand_write_120s_qd16_repeat3,rand_write,1,middle,80,154527.9,38631.85,219.01977500000004,265.622,37400.846153846156,42712.85365853659,1.1420290728942282,226.07507500000003,196.44365853658536,0.8689310775926331
sustained_rand_write_120s_qd16_repeat3,rand_write,2,first_third,80,166631.075,41657.725,203.77372499999998,228.036,41657.725,43590.25,1.0463905554131918,203.77372499999998,193.31265853658536,0.9486633202420252
sustained_rand_write_120s_qd16_repeat3,rand_write,2,last_third,81,174361.55,43590.25,193.31265853658536,230.556,41657.725,43590.25,1.0463905554131918,203.77372499999998,193.31265853658536,0.9486633202420252
sustained_rand_write_120s_qd16_repeat3,rand_write,2,middle,80,169258.55,42314.55,200.51932499999998,237.259,41657.725,43590.25,1.0463905554131918,203.77372499999998,193.31265853658536,0.9486633202420252
sustained_rand_write_120s_qd16_repeat3,rand_write,3,first_third,80,173475.925,43369.025,195.959675,216.053,43369.025,42785.475,0.9865445441764024,195.959675,201.7918780487805,1.029762261285545
sustained_rand_write_120s_qd16_repeat3,rand_write,3,last_third,81,171142.3,42785.475,201.7918780487805,326.046,43369.025,42785.475,0.9865445441764024,195.959675,201.7918780487805,1.029762261285545
sustained_rand_write_120s_qd16_repeat3,rand_write,3,middle,80,171037.025,42759.175,198.75687499999998,241.138,43369.025,42785.475,0.9865445441764024,195.959675,201.7918780487805,1.029762261285545
